<?xml version="1.0" encoding="UTF-8"?>

<mule xmlns:mulexml="http://www.mulesoft.org/schema/mule/xml" xmlns:scripting="http://www.mulesoft.org/schema/mule/scripting" xmlns:dw="http://www.mulesoft.org/schema/mule/ee/dw" xmlns:metadata="http://www.mulesoft.org/schema/mule/metadata" xmlns:http="http://www.mulesoft.org/schema/mule/http" xmlns="http://www.mulesoft.org/schema/mule/core" xmlns:doc="http://www.mulesoft.org/schema/mule/documentation"
	xmlns:spring="http://www.springframework.org/schema/beans" 
	xmlns:xsi="http://www.w3.org/2001/XMLSchema-instance"
	xsi:schemaLocation="http://www.springframework.org/schema/beans http://www.springframework.org/schema/beans/spring-beans-current.xsd
http://www.mulesoft.org/schema/mule/core http://www.mulesoft.org/schema/mule/core/current/mule.xsd
http://www.mulesoft.org/schema/mule/http http://www.mulesoft.org/schema/mule/http/current/mule-http.xsd
http://www.mulesoft.org/schema/mule/ee/dw http://www.mulesoft.org/schema/mule/ee/dw/current/dw.xsd
http://www.mulesoft.org/schema/mule/xml http://www.mulesoft.org/schema/mule/xml/current/mule-xml.xsd
http://www.mulesoft.org/schema/mule/scripting http://www.mulesoft.org/schema/mule/scripting/current/mule-scripting.xsd">
	<http:listener-config name="HTTP_Listener_Configuration" host="0.0.0.0" port="8089" doc:name="HTTP Listener Configuration"/>
	<flow name="xmlprojFlow">
		<http:listener config-ref="HTTP_Listener_Configuration" path="/testxml" allowedMethods="POST" doc:name="HTTP"/>
		<logger message="START xmlprojflow" level="INFO" doc:name="Logger"/>
		<set-payload value="#[payload]" mimeType="application/xml" doc:name="Set Payload"/>
		<logger message="payload: #[payload]" level="INFO" doc:name="Logger"/>
		<byte-array-to-string-transformer doc:name="Byte Array to String"/>
		<set-variable variableName="manipulatedPayload" value="#[org.apache.commons.lang3.StringUtils.substring(payload,1)]" doc:name="manipulatedPayload"/>
		<scripting:transformer doc:name="Groovy">
			<scripting:script engine="Groovy"><![CDATA[if(payload[0]=='?')
{
	payload = flowVars.manipulatedPayload
	return payload
	
}
else
{
  System.out.println("Valid XML")
  return payload
}
]]></scripting:script>
		</scripting:transformer>

		<!-- <dw:transform-message doc:name="Transform Message" metadata:id="c47fb9e8-0da4-47cb-afe6-a8d95e3d2fe8">
			<dw:input-payload doc:sample="C:\Users\178842\Desktop\MuleSoft_XML_Issue\Test.xml" mimeType="application/xml"/>
			<dw:set-payload><![CDATA[%dw 1.0
%output application/xml indent=false
%namespace camt054 urn:iso:std:iso:20022:tech:xsd:cant:054.001.02

%var paymentMessage=payload.FndtMsg.Msg.Pmnt
when (payload.FndtMsg.Msg.Pmnt.Document.BkToCstmrDbtCdtNtfctn != null
and
payload.FndtMsg.Msg.Pmnt.camt054#Document != null
)
otherwise null


paymentMessage when (paymentMessage != null) otherwise "test"]]></dw:set-payload>
		</dw:transform-message> -->
		<set-payload value="#[payload]" doc:name="Set Payload" encoding="UTF-8" mimeType="application/xml"/>
	</flow>
	<flow name="xmlprojFlow1">
		<http:listener config-ref="HTTP_Listener_Configuration" path="/xmlnamespace" doc:name="HTTP - /xmlnamespace"/>
		<logger message="START xmlprojflow1" level="INFO" doc:name="Logger"/>
		<set-payload value="#[payload]" mimeType="application/xml" doc:name="Set Payload"/>
		<logger message="payload: #[payload]" level="INFO" doc:name="Logger"/>
		<!-- <dw:transform-message doc:name="Transform Message - Remove all namespace" metadata:id="c47fb9e8-0da4-47cb-afe6-a8d95e3d2fe8">
			<dw:input-payload doc:sample="input_xml_with_ns1.xml" mimeType="application/xml"/>
			<dw:set-payload><![CDATA[%dw 1.0
%output application/xml
%var removeNameSpaces = (inputObject) ->
inputObject mapObject {
  '$$' @((($$.@) when $$.@? otherwise {})) : $ match {
    :object -> removeNameSpaces($),
    default -> {} when $ == null otherwise $ as :string
  }
}

{
		Document: removeNameSpaces(payload.Document)
		
}]]></dw:set-payload>
		</dw:transform-message>
 -->		<dw:transform-message doc:name="Transform Message - Add names to root element" metadata:id="43705788-bfce-42f6-aff8-8a910132c6e1">
			<dw:input-payload doc:sample="output_xml_wo_ns.xml"/>
			<dw:set-payload><![CDATA[%dw 1.0
%output application/xml
%namespace tag1 urn:iso:std:iso:20022:tech:xsd:cant:054.001.06
---
{
    tag1#Document: {
    	tag1#BkToCstmrDbtCdtNtfctn: {
    		tag1#GrpHdr: {
    			tag1#MsgId: payload.Document.BkToCstmrDbtCdtNtfctn.GrpHdr.MsgId
    		}
    	}    
    }    
}
]]></dw:set-payload>
		</dw:transform-message>
		<set-payload value="#[payload]" doc:name="Set Payload"/>
		
	</flow>
</mule>
